file,L1_loss,L2_loss,KL_divergence,DTW_score
625f69ec-a8dc-43ec-a804-07a3850bcbff.wav,0.039211273,0.0034868987,6.6570272,0.693050304592075
4f41abc1-ecd5-45c3-ab40-4157776d54c2.wav,0.03509867,0.0031872708,7.9301014,0.7642443467185154
72e717b7-3b49-4074-b247-006056b4af58.wav,0.040110886,0.0036256956,5.795491,0.6714688474911886
4820194b-09f6-49b9-9a63-e380b06a5d0d.wav,0.037791435,0.0029505326,10.354935,0.6077048479164099
1ef63cb0-c62f-4e24-b0f9-ab2da8e9f3ba.wav,0.04060488,0.0035592518,6.485526,0.7806945819743354
e19024a2-2030-43b5-8020-841ccff9cf58.wav,0.039746117,0.0035719124,4.766502,0.6193673036439488
3ef1de13-61d2-44d9-9fe8-5f00dbdd3514.wav,0.037407473,0.0032502424,12.0532465,0.7924109548686935
5fde3a08-da9b-4d89-b113-bf717845e2e0.wav,0.032875683,0.0030121151,8.894151,0.8241646986797302
9c44d705-1086-46b1-9814-945f52ef557c.wav,0.03966203,0.0035184692,11.882819,0.6817100130242211
ec5d4e2d-6ba4-4e6d-b26b-bdba64fb6df8.wav,0.030925341,0.0025099146,16.090984,0.7561864115948892
21e93b72-9d73-4950-b178-9fa51836e08a.wav,0.04276233,0.0035865733,10.367316,0.7514071694963825
d3638eea-a9c6-4c9c-8e38-b0015776debc.wav,0.037361734,0.0034708178,6.5965743,0.695735022594588
9d48d2dd-cd03-4b0d-b1cf-c525d4294a9a.wav,0.04048521,0.0034646029,7.391637,0.6841906720646086
ab979193-0839-41bb-bc10-f9eac554d457.wav,0.039487056,0.0034800197,8.843802,0.619353902105215
4a3d3be2-aa10-4f3a-b1ec-2d70e7f08472.wav,0.03643353,0.0033668375,7.2668247,0.6933183641215593
830a66d5-aba7-4719-aa2e-7a929c56faf8.wav,0.040112674,0.003592718,6.11061,0.6866369725225572
893393de-0315-4a1f-8ecb-5de5d6a33024.wav,0.04131543,0.0038978674,7.453907,0.6715432436636691
c25c5fe7-7f86-4777-99d1-fe07460d8f0f.wav,0.04162056,0.003696179,7.234007,0.6819006573447361
757f3fc7-e81e-418e-9af7-ec14ca13a461.wav,0.0407829,0.0036232385,6.6391354,0.6729647813271629
15f9c585-849b-4fee-bd53-a537d30d165e.wav,0.033272117,0.0025936011,11.92953,0.6160797881602282
9dfc3b16-6d09-4b9f-a19b-3bbd666ff383.wav,0.038970403,0.0033488611,4.955727,0.6905720134549732
8c299bf7-96b0-479d-851c-f86b89ad6617.wav,0.036548942,0.0029252102,11.452524,0.7542088125658393
b632a87d-b531-41ac-ab59-e1a216a8079a.wav,0.041235056,0.003789552,7.0159974,0.6168353886405837
ccec016e-733e-4bc9-b455-0f07eb40a9da.wav,0.03833506,0.0034960553,5.601062,0.7005970785025446
82f78c7d-50b0-45bf-bb88-c0fde9021dbd.wav,0.036650494,0.003071297,7.505465,0.666411536043222
2374bef2-96e5-4ddc-9877-626cbe9e8d6b.wav,0.036363408,0.0031108223,5.619363,0.6521431392635402
37bbc087-0783-4b46-96e8-2f5b5288096d.wav,0.034519017,0.0029074813,5.9859114,0.7209328549060561
867b4be2-6e13-4640-b28f-0661f9d42ef8.wav,0.037193865,0.0033288416,8.8450575,0.6821802095643367
835c7240-c3a9-4392-92b6-ddcd6b5356df.wav,0.039261192,0.0034128334,5.4847484,0.6701782316115156
513c88c2-a0af-4016-9fd3-01ef1658a021.wav,0.04236996,0.003854203,11.346958,0.563335396629329
3dff781e-ec90-4c2b-8947-2fd8b08ee2de.wav,0.038452387,0.0033572435,6.262977,0.6890413748220006
910c4be1-e3d8-4c09-b515-e40169e1b396.wav,0.04083877,0.0033900854,8.173241,0.6638599194109982
660ab50a-2902-4291-97c6-9d0fa9b83d8c.wav,0.039152548,0.0035020804,5.6360598,0.7043978675170525
7bc9aa2a-3022-4ec9-aa57-74d606f94ddb.wav,0.040312205,0.0034517108,6.8859606,0.6771902699443326
5663097d-9b87-4698-843e-616386cf273a.wav,0.031569388,0.0025655443,7.509324,0.661181419376978
09ce279d-b7b8-428c-b358-e2796dd0834e.wav,0.03638735,0.003545052,5.8671765,0.6390345809825965
246dcfa0-f7a9-47f5-902e-294984520295.wav,0.03750441,0.0032116547,5.444779,0.6861599466034095
f01884d3-2ade-47c5-81b2-7e650a3abf8c.wav,0.03930611,0.0034385524,6.821079,0.6837061670455303
4383cb66-5024-4fca-8442-d0a057c01cbc.wav,0.039411925,0.003229966,6.5881057,0.6148772751268773
84ede86a-5e2f-4893-9cb0-c4f360b47aac.wav,0.03972624,0.0036192588,6.5913143,0.7360573091267749
f520e9f1-fb5d-4ae3-abc9-55bb7be401b3.wav,0.0387217,0.0034538489,5.037024,0.6988224983020681
34b8cb09-5073-47de-86c1-991c26bea46d.wav,0.024219515,0.002295368,8.141615,0.5707145847773122
97311a8e-52a5-4b9e-be46-3ba6a29c39aa.wav,0.036712334,0.00296,7.1661124,0.6281516534718097
17a33d67-eae9-44fb-ad20-7b319983c66b.wav,0.032861702,0.0030223608,7.3454976,0.6174773662236619
dd231552-d241-4ff3-9695-ac10c41db423.wav,0.034515984,0.0030214004,7.373832,0.7322743854079174
24386867-6331-4b5f-877e-8e3479396f84.wav,0.041983545,0.003946685,5.771583,0.6720235544291704
6834ad8c-ab34-4557-8cd4-f818509a669d.wav,0.038647473,0.0033623548,6.255575,0.6622974591053743
5a2c737d-42ed-45b2-b530-a45c10b37b1b.wav,0.04156242,0.0042501683,4.0755925,0.7375973667401028
ced7738d-52b0-4050-868d-986c2d219cfa.wav,0.037513696,0.0030782772,6.219525,0.6769179753756853
348890c5-1841-476e-9ced-aef4cd021ee9.wav,0.037528586,0.0037690736,8.383163,0.7678267780676582
de03a4ea-77fe-425a-9153-63bb73d96382.wav,0.044597197,0.0045627207,3.9693637,0.6130286685961611
5aaa1ff3-20ea-45b9-a563-2688180d4574.wav,0.03143565,0.00257157,10.605588,0.7720643645882005
68d1ed77-3e88-49be-807c-8504bc1225c9.wav,0.039088804,0.0033944559,5.666635,0.6396585551395627
b93c8cee-c8ca-4c8e-bafd-257423090f0b.wav,0.043989476,0.0037455915,5.5222807,0.6898002114388447
750edf2b-4a9d-4fd3-b211-cf4827986266.wav,0.039525587,0.003497654,7.933095,0.6462513421256515
34582ee1-9bc0-499b-89e9-aae99b6dd4fd.wav,0.04513544,0.0039909123,9.7114935,0.7073516098127438
e2acb08b-7552-4e39-a074-ed7c302cb3ea.wav,0.043250352,0.0036849922,8.437113,0.6352197513464949
5a60a87c-66d7-41cb-9584-cee4312abe9b.wav,0.03655326,0.0031183027,7.21873,0.7304297334016772
14f83a8f-178e-4167-b562-6cc44abbb0f8.wav,0.037970986,0.003194557,6.4916234,0.6446005567461383
0134ba99-ee64-4c48-a612-d395c7b77969.wav,0.03607966,0.0033657353,4.9769087,0.5595885986960211
646e4d9f-41f7-49c2-bea2-c78b7f60e495.wav,0.039619785,0.0033109856,6.906818,0.5978841386110415
ab16d4a4-a89a-4e0c-b73e-9dab574c7005.wav,0.03785068,0.0033534192,7.7348814,0.7800599884784312
4f9e4725-95c4-4480-a4c6-03275f6ccfdd.wav,0.0393256,0.0035620437,7.5418177,0.7544326004801736
bfc99c0b-6034-403e-b89f-7311966fb25a.wav,0.037207596,0.0036523542,6.218462,0.5895802270581273
b91758e0-b613-44a9-bfb2-2f76821a7d65.wav,0.0373902,0.0033618836,6.827699,0.6787870676088599
ead3dcb8-7995-4dbd-9492-ccda0165656c.wav,0.039579857,0.0036166396,7.3735485,0.6977622248007734
fd707a46-b1d0-4a87-b9cb-aea5adfc2fff.wav,0.038417943,0.003389259,8.997062,0.7718212403937545
73987cf9-7460-4d81-9b78-6c8e0a63336c.wav,0.039819088,0.0034948955,6.637334,0.6952850105007692
f5babe71-8814-430a-9bc5-5c1fa6418d77.wav,0.03606054,0.003097916,7.4070444,0.7186511706802664
20fb09fb-9ff3-4436-8659-67f88ab67067.wav,0.038951125,0.003865959,7.274011,0.8945904636024832
b3f30534-928f-42b2-a04f-19d3ba77d0f7.wav,0.040122755,0.0034218228,4.9914775,0.5707445659150283
87df999e-9416-412c-8ca3-a5ad19d5affc.wav,0.03776753,0.0032028297,5.466813,0.6584398918822786
619afdf7-f9c4-44e4-bbb0-f2a2d66f839f.wav,0.036049426,0.003104334,7.300342,0.6017032616953498
74c0dbc5-fdfe-4560-b201-ba7c16186246.wav,0.03781308,0.003201397,7.01402,0.6480069992867182
ae608cd3-20f7-40e1-9ed4-e4596db2dc5e.wav,0.023317423,0.0017710015,7.4465275,0.5695148107676391
1177e43c-1ea8-4e24-baca-550c945c6893.wav,0.037904453,0.0033141107,5.2080517,0.6103123031200257
3f96e7bd-be9d-46ab-820e-ac4405de8b1c.wav,0.03624305,0.003059201,7.4771814,0.6411845831219997
9e487616-e0a7-49e4-9317-88fbbab16e08.wav,0.038426753,0.0033524681,7.0605407,0.6999381870256659
3ae5f6d6-377e-4626-81e5-59b0f62d5f3e.wav,0.040418837,0.003379912,7.5231543,0.6642800332344562
f225a270-cc27-41f0-802f-c823151a61b7.wav,0.038016234,0.0037992445,4.785223,0.7129110432225466
08001b0e-c1b1-4908-a5f4-27bcfa8957b0.wav,0.03686062,0.00335234,4.141476,0.6722073261049396
ea7bd12a-9c6a-42b8-b916-0bf8a1f8d8b4.wav,0.03724737,0.0031740284,6.5030804,0.7123678831072298
756dd913-392f-47cf-91b2-17ea5b033332.wav,0.037605055,0.0035371152,5.6233153,0.7494931485911661
1fb28b95-4c81-4672-8a77-c4d53370d231.wav,0.040691655,0.0032480806,8.107782,0.6269959384509095
6a42d7d6-3e06-45aa-b196-2a0debfc7595.wav,0.029978173,0.0025078158,17.731844,0.9375813180553529
d1ef11e0-2f31-4220-8ee0-d3cb1ddd038f.wav,0.038287554,0.0033540952,6.72609,0.6527891514911346
8c68a395-88bf-4d15-a7ad-d6b9f38ed056.wav,0.037930485,0.0032552835,8.568301,0.7025756235820282
576ed2a1-c4e4-4f47-a805-c1dc4f12d5cc.wav,0.039902363,0.0036650682,5.566144,0.6884405464703407
c72e7db2-61cf-47f1-b007-ba22995e83cf.wav,0.041378077,0.0035521064,7.6372237,0.6520583113150535
f59ced4d-64d7-4831-91fe-261ed2b4cce7.wav,0.041628115,0.0036933944,9.593638,0.7945164838418204
ed68e92e-9411-4291-b99a-5772c39cf3be.wav,0.0333045,0.0027980255,7.468474,0.7099358338136582
ad21eabb-70e0-4ae2-90b5-51d245cd506d.wav,0.03962829,0.0033456087,7.387712,0.6649664847831959
59f305ef-ccf6-4a0b-9898-41efbd4124b8.wav,0.037414074,0.0032260136,8.014979,0.7196285933053413
bde61ce1-7f8f-4526-9ec7-16a35f1642b5.wav,0.029506186,0.0024007868,18.135946,0.6888215705847809
c745791a-f3e2-4928-bb21-82095ad7ded5.wav,0.040138807,0.0035013019,6.488438,0.6302115429135422
098d87af-a86c-4043-9dc0-774d07d98d64.wav,0.034504194,0.003197161,6.989945,0.7491413371579724
57a7c139-dde7-484d-8f2d-6d2b000b4055.wav,0.036531948,0.0030561977,6.931013,0.6289253366921159
47cac2e1-1f84-4174-84e9-a3739b901af5.wav,0.025256293,0.0022190202,17.123775,1.0108873992991627
11e8840a-3fe5-4684-b2cf-0eb1b974dc44.wav,0.0397821,0.0035062372,8.599669,0.6241877431402894
d2e65757-2d39-4c81-828b-0da8528c4965.wav,0.036746,0.0030626757,12.441697,0.6133874716218692
98354e1c-c528-4e45-b82d-ed8ba9978163.wav,0.033470202,0.0028405169,9.102685,0.7032056462804718
573e7a39-3cd7-45a9-9653-34affa2fc693.wav,0.04064162,0.003666368,6.1773186,0.7249298506977265
d2a488fc-566b-4d6d-a6a1-3c74e692355f.wav,0.040401492,0.0036479153,7.4307966,0.6473327445177237
fc3586cd-29bc-4720-99c1-f1a9d3e26083.wav,0.039507248,0.0033978259,7.521488,0.6693028135137746
52b6cf91-cac8-46b4-9250-a723b66f1a66.wav,0.03786111,0.003276521,6.029694,0.6792485416792835
a034b694-ad8e-4913-999d-f04f4f0883da.wav,0.035317607,0.0038152814,8.689499,0.798760563671235
1d03cc6a-bf67-4708-b808-baeafb19f973.wav,0.038321625,0.003315645,6.568594,0.6732170872287004
d5c3bacc-cbd3-4484-8580-9141732ebe4c.wav,0.051813144,0.0054787863,8.976358,0.5795603882591713
cceda8bf-9444-4626-802f-9292492317ca.wav,0.036283497,0.0029298018,8.029653,0.6695501974857487
0c36ee11-4337-44d6-a1fa-ab433755b191.wav,0.039190207,0.0035874192,5.84939,0.7452864815226957
ee7bcab3-cc77-40bc-ae27-8aebec4672ed.wav,0.035516217,0.0029682866,6.305528,0.6644279286061969
d106902d-ac05-4dfa-b3d3-2222095ff9a7.wav,0.037939046,0.0032719572,5.820634,0.6988394564675976
0145bf86-80b8-4e44-813f-ebe15d36ecab.wav,0.039917033,0.003610313,13.073883,0.7103048401030231
92e296b6-57e2-4cfc-8f8a-fcfe4b0f1f7d.wav,0.03501504,0.0029688335,9.69149,0.8155409682788204
1c6fe0c2-fe42-49b1-8220-c2f9e626d541.wav,0.034545984,0.002905646,5.473915,0.7037022126496973
0bb4a65a-2cb8-49aa-b6f1-6faa63c062a7.wav,0.025214467,0.0023565332,7.4893284,0.5832377294583115
0dff2ec7-7da8-4bad-8954-41f8b12ee054.wav,0.037060723,0.0033628684,5.74846,0.698689315805394
037d7549-dde4-4c2e-bd67-1e75cd9d6b46.wav,0.03566978,0.0030799452,6.5081625,0.7043527925941477
cd0bb5d2-e2a8-41fb-8ef1-07341c50dffb.wav,0.038147632,0.0033052224,5.7645755,0.6928235533428971
883659a0-1995-4d1b-b771-d2200ce187df.wav,0.040563364,0.0036135542,6.3644733,0.6164238909971864
071920d7-89b6-4394-9580-8ce3f2a0d41e.wav,0.037779104,0.0035113709,6.737231,0.6843405572401928
d5b3102e-2d82-41d6-acb2-3ca29c86f052.wav,0.030811682,0.0027210067,7.1074557,0.7160127813567316
1d5691a9-d087-4d42-abbb-742bdb2508c4.wav,0.04077407,0.003605231,7.598653,0.6306274104878585
ee327285-7760-49e9-81b7-caff69ce906c.wav,0.0350719,0.0029547045,7.2626276,0.7365306712229046
66a185c8-ade1-4710-a9bd-1b589315b244.wav,0.038731392,0.0033168565,6.76484,0.6566827896782976
1610d734-3b97-450b-8b8e-56e734767a43.wav,0.03045523,0.0024976204,3.2855625,0.5162920602902854
5a9503c2-940d-448e-81d8-31d4c15ee065.wav,0.037363693,0.00328609,5.2976503,0.6605156568646872
5907b128-f3f2-4fe4-ac80-c8ee27b9dfa5.wav,0.03802561,0.0031314935,17.347248,0.8021219043323938
aa67dfef-9a6a-4005-865d-d845ec36fbcb.wav,0.038080603,0.0033618836,6.013086,0.7179763185326248
29dbb6ea-6eb8-4166-be4f-4dd23c30fe64.wav,0.039953113,0.0034299772,8.2978,0.7306375920829605
67a5b964-8193-4e25-8e2b-642dfdfeeaf1.wav,0.04068698,0.0038548338,9.066814,0.5634645375425286
b2c6746e-452a-44cf-bc7a-e869fb45296d.wav,0.04154417,0.0038123073,8.324733,0.7498766536888573
9cefbbcf-7605-4e46-a918-c47066daa215.wav,0.04229227,0.0038812798,8.951907,0.587758830387601
2cd61648-9fa1-4a99-bd24-bc31c8dcdf43.wav,0.041156955,0.0037454101,6.2257037,0.7576137459801083
b610c8bd-9890-4b8e-b8d7-df1aaaff06d9.wav,0.03702189,0.0030927614,7.8723555,0.5384813394474514
bdc0452c-89d0-4ae7-be17-01430a9b155f.wav,0.043771956,0.004204439,10.601183,0.6479921452366701
1cf4adab-839c-4f6b-9bc0-8f1f4f72fb76.wav,0.023998812,0.0021725066,8.223338,0.6091633005148898
4f888546-a2a9-4c5b-993c-b83b1b5f9374.wav,0.04055385,0.00360577,8.661213,0.7166698280620583
1883df2d-8780-498a-bced-eba829fb3ea1.wav,0.043416183,0.004213516,4.2427583,0.6845478611587712
7e957e54-5ee8-420b-be32-52b6ba85eedd.wav,0.033898972,0.0030019605,6.2830257,0.7942030279601189
6cab745a-4e74-4617-9fb3-f7515de1a37b.wav,0.024110137,0.0018382123,10.229364,0.5923545869865625
620a4043-3cb1-45d5-a5d5-fc8a0b93fd68.wav,0.03465989,0.0024980088,11.624802,0.6163381862160039
bea6d3ed-c9ab-47cf-8a38-d47675bc52bd.wav,0.03960249,0.003610534,5.6608686,0.6959232590291162
d4a278ae-665a-48d2-8a6a-85c9e495dfc4.wav,0.038114358,0.0033402324,8.934586,0.7745555636288743
b6835e23-2aae-44e6-ab84-334f2a5637fa.wav,0.039178975,0.0035123797,6.446149,0.651822444754367
433e3012-4cb3-4504-942e-7e90fff0f922.wav,0.041627865,0.0037152455,7.5762525,0.7307719994609813
a21d3beb-cc56-4836-9ec6-6569d71ac9c3.wav,0.034581374,0.0031136365,5.858501,0.9163402027979528
c4b63be9-878e-4d3f-a404-b852c2cc1826.wav,0.03885118,0.0034896266,6.1193423,0.7100505584140794
b0ee2e54-3f30-4726-aee2-fe38d23a4e05.wav,0.03957252,0.0033900498,6.9272733,0.5980383805546453
bb556fc5-457f-4a1b-87ae-fabadb3319ee.wav,0.04179904,0.0037212714,6.8324857,0.672810467067417
458027bb-e3ce-4b7b-8acf-1b023a09aecb.wav,0.040588204,0.0035330143,10.118433,0.7810472981887903
cca3c106-9f04-4f52-aa37-5470b64e7812.wav,0.03818675,0.003345029,7.6151147,0.6962602678477824
9efb049a-69cd-463c-a12f-c2981f235754.wav,0.036001246,0.0028625766,6.560885,0.6807573760820591
2cca8729-5509-452f-8099-ad836eff493e.wav,0.029388791,0.002241108,20.11116,0.8586916232385381
928023e4-0757-4cca-b25a-29456f5f2a8a.wav,0.042658366,0.004049042,7.818273,0.644014664879168
ee2dbb95-1bde-4e5e-9505-aeb920c41eba.wav,0.036911923,0.0031617936,16.705868,0.8609899921240869
bb4635e4-5436-4f6e-b46d-029ed82932d6.wav,0.03178669,0.0027031382,5.832319,0.7422803057125378
6dc60aa4-da82-4011-9db4-8746d27c0f8b.wav,0.037361663,0.00327707,6.686488,0.7632656921354826
a7020dd5-d97f-4649-aab3-888f5376f696.wav,0.038440187,0.0034930818,5.561377,0.6281534798635098
65d5d6c1-215a-4144-940d-51bf3d3f7568.wav,0.038664356,0.003815636,6.9546094,0.7667974077163838
1cd6c284-479c-4579-b639-4c58f8b330aa.wav,0.040950056,0.0036268698,8.530404,0.6691370962884032
1503e0cf-0f40-457f-96cf-c05094e95060.wav,0.036307562,0.0034900915,9.661607,0.7860763251668877
472319ce-dee6-462f-aa77-433493dc5f1f.wav,0.048696123,0.0046373005,10.688792,0.5779250129360952
d202031d-0bb1-4718-aacb-6a4f5d54989a.wav,0.03297146,0.0026764316,9.287573,0.7496354325340705
5e0b68a4-ebb3-4a93-b979-ea32e683ccdc.wav,0.038529437,0.0031201472,13.046814,0.647389257355802
ab9b05ba-080a-4f0b-ae2f-d058346c9df9.wav,0.03421204,0.0031859698,6.2919054,0.5559508287951674
a5073c23-cbfb-47b5-9b2a-88d20fb9eb77.wav,0.034031082,0.0028921969,8.728086,0.5654299724964506
e4c08df4-f2eb-492e-8be4-df5fa9b3fe64.wav,0.036351908,0.002842419,9.733207,0.7448979712981431
e884b57b-39f8-4605-a8b1-8be17b47feee.wav,0.040171865,0.0035864445,7.541975,0.7128870232145631
d4a850fc-db28-4792-9da9-b5483289e148.wav,0.037147824,0.0032307524,9.019742,0.7763072963325477
98e13307-852a-4e8e-ae3e-97ccc790ca95.wav,0.03888977,0.003311889,6.6983304,0.6528950557912455
53b3e295-8e65-41bc-aefb-26ee27225858.wav,0.030178696,0.0024660653,20.716585,1.0496567923385947
c798306c-93b3-4767-8536-f3d1c7a597c2.wav,0.03633568,0.0028995988,14.554947,0.6046348348529947
6e228504-a885-4719-bc89-ae469b4f515e.wav,0.034820773,0.0029695546,6.7926826,0.5484752270101452
304adeff-238d-4774-aff0-cb7911b42ab3.wav,0.036367495,0.0029446797,10.451796,0.7658151462480087
ebe3cb2b-0be7-4295-a414-5d1ce9de9430.wav,0.03640924,0.0031959782,10.023338,0.7534609169266926
67851889-6742-42b4-a2d4-0db01eb9a2be.wav,0.038091745,0.0032381515,7.6022043,0.6680827064750506
f3429b2a-fcb2-4073-b17b-0529840bda6c.wav,0.038490947,0.0032966642,6.119992,0.6381186878232507
2bee6e59-84f2-46b8-949f-ceb75909568a.wav,0.03699169,0.003031826,6.65155,0.6832470934258214
44b59218-d769-422e-9899-c5a40929f41a.wav,0.039158575,0.003528148,5.7810383,0.7242237844225418
7e4f8a47-a6e8-4bf2-9c8e-aa493f2ada22.wav,0.040880915,0.0033503415,9.283852,0.6915082535459409
b22a21fc-f2fb-496e-b171-6226cda04ecb.wav,0.037789058,0.0034389358,6.3904247,0.6405146927336254
6d50e3e3-8f58-4ae1-a021-47f9687558ee.wav,0.029661871,0.0026747736,16.262714,0.838387313432173
5cba5cef-aab3-46f4-8cc0-3a31da67908e.wav,0.032945756,0.002793622,6.006445,0.7879065319010276
9a9e9a1b-4738-4aae-97b2-597f18d6b53f.wav,0.03969173,0.0034625186,6.0417604,0.6676537330615654
625ac5ad-aee8-4355-bcd4-a67a8fce0f47.wav,0.03044672,0.0028743276,6.0733333,0.7315403112657272
99e2e53d-4fad-47da-ac26-d5010d065f93.wav,0.037774548,0.0032595869,6.351103,0.5352905559443564
568ccc36-23df-463c-90fc-9ac225bb8c3e.wav,0.0401306,0.00341797,6.533476,0.6498388257708612
3ef2a38e-aa11-46d4-864b-3d82d022ede3.wav,0.03833745,0.0034061237,5.842654,0.6745462321422819
aa18a844-f5a9-4b36-9c46-a79ca32b42e6.wav,0.044332813,0.0038407969,6.1880345,0.6479283002171665
232c34f1-0dcf-4e3e-9c0b-8d033baaabcc.wav,0.045434915,0.0044600586,7.761283,0.7094775223316407
174d5219-5076-4855-81a0-207e6f9718ed.wav,0.037014615,0.0034582883,4.1145897,0.6465065486993419
abceba98-6523-4a40-b791-caf43bc80413.wav,0.03388877,0.003017278,7.0767403,0.7031596582082408
14bd8dc3-7464-4a13-818a-8cae44789bfa.wav,0.03977831,0.003623589,5.6127634,0.6676655666108627
d0cf71b0-a8ea-41ad-a3fd-f96c17bb2708.wav,0.036799848,0.0031194482,6.9927135,0.6868832880151445
30af5883-8afc-4bba-af34-bdb65eedbabe.wav,0.039449017,0.0034312208,6.3032885,0.6651309237856156
0b2c8eed-5785-42ce-a920-5a4377c85d94.wav,0.04024258,0.003610328,5.9166994,0.6555962590239087
f1f5e1f5-ef8d-493e-a497-ff0c5d567922.wav,0.040025286,0.003395126,8.066646,0.6700242333775435
282bc58e-95d1-4081-9920-fc476cb4c58e.wav,0.041229006,0.0042457553,4.8301883,0.7519575403735989
268e4126-c354-4dae-acdb-4756fb2bb4ab.wav,0.03790229,0.0031730211,8.062896,0.665186961712833
a0c27b6f-8a2d-413e-962a-a84e8867175c.wav,0.0392844,0.0035691818,7.630276,0.8302039354536326
4065d2b1-581d-4a33-a42a-fb891380ce59.wav,0.029603245,0.0026026429,3.2844794,0.7620856124669688
bd68cbee-0ce2-48cb-b2b1-d07162fe1361.wav,0.039461136,0.003578958,6.781186,0.7050961634998548
0d2f02b4-87cf-4b2b-9ff1-6a7740dea1af.wav,0.052788768,0.005918302,5.235933,0.4671822694167522
9ce66bcb-4eb4-4de7-bd2c-dfbdf3a4a3cf.wav,0.03740701,0.0032442252,9.09654,0.7443130764111776
13b2068a-2def-4f69-b4ba-168c4da30498.wav,0.03706605,0.003196478,6.5914383,0.745272627888819
0de84386-3f67-4061-b3e9-b37b7c3bf76f.wav,0.039008968,0.0037131056,8.02325,0.9830532339093048
600c7275-e617-49c6-b202-affec4749b56.wav,0.047239084,0.005243198,5.111801,0.6900217731839139
e6c4f98a-cbc9-4e0b-acc7-90ba0dfd0ec8.wav,0.034198854,0.0032282558,5.1801424,0.5794658630278219
6ea7f81a-45d4-431a-8532-aff79a13ad57.wav,0.039428946,0.0034004098,6.628297,0.551163075427735
bb5e8186-9b34-4924-b1b4-693b043198d1.wav,0.034981772,0.0030366348,5.7979565,0.6928796775829698
d2b3fe20-866b-48f1-9337-9845f47e8674.wav,0.03886184,0.0034026587,7.571762,0.6888859656564962
33696b83-64a9-4b02-a69e-262ba3b93f80.wav,0.03789266,0.0033341236,8.696419,0.7348898088515774
9e150b93-b4c3-40bd-9a6a-229bd193784d.wav,0.041943517,0.0038532817,5.8495407,0.6456027001129668
37d25083-0b2e-4f57-951c-5bfb847f18a7.wav,0.040229,0.0034438544,8.54116,0.7536604888946818
495a964e-b997-4c4d-9785-934a5befb9e1.wav,0.03149865,0.0025966733,23.410545,1.3114124519890937
9bec9668-de71-40d4-b99b-859622eb1bb6.wav,0.038822077,0.003513791,6.56541,0.7375796730735584
46d60bce-7a9e-444c-812f-a579142ecec5.wav,0.03730391,0.0033546502,4.816643,0.6767420177453533
a006d91d-66be-43d4-9f1c-f42834b1f524.wav,0.03845095,0.0034301085,4.4656568,0.6934734139366012
0cc05aff-7f4c-441f-bdb6-e015c46fd7f6.wav,0.038765967,0.0033267897,5.0414457,0.6913021301855886
3f328d60-e394-4ee1-8349-0f2605c6edac.wav,0.04002158,0.003560282,7.2858706,0.7109937233800775
081d98d4-d412-44f5-8ee7-aa9004ca5ba3.wav,0.0371112,0.0033848032,6.1400943,0.6997414825072422
820a84ee-a0ce-4b6c-b558-4d06ec46a261.wav,0.03721977,0.003518011,9.349201,0.6740688201959711
7ff5f66f-e2c3-40e4-8b9a-8bc67b8f1c47.wav,0.040309463,0.003614176,7.361223,0.7178505719211915
aa79c23c-ab9d-4216-9ef4-5d00daea3468.wav,0.029586716,0.002442908,7.378778,0.7874585993323573
706caaed-319a-498e-9984-70526f748474.wav,0.041192193,0.0037250882,5.5922213,0.6981307801716155
3350227d-fb40-4a44-8ad4-a7659f8c398e.wav,0.039324995,0.0035696977,8.083477,0.5765474308206467
aac2005b-8ca0-4441-aff3-ba40fe650473.wav,0.038635787,0.0033948163,8.446946,0.6848006973907047
76b9e4b2-b272-4c13-80b5-ae8bb990dc96.wav,0.037188623,0.003179345,11.661182,0.6653099734741289
2fe69661-2318-4db4-8b92-d3db3753fdc9.wav,0.030955978,0.0027779618,7.146315,1.030718291007522
cf8d5062-1775-4f0e-ae5d-e28854d7a8b0.wav,0.039546747,0.0032607648,11.638484,0.6444604970032632
65ea5d52-2232-4330-9ff8-fd9a3456fc60.wav,0.0431188,0.0039287643,5.1578727,0.8151731905159966
2ccb6039-c841-440b-95fd-7dcdb3533c3c.wav,0.0391897,0.0034699293,7.7184258,0.5103387633427455
8b0c4c75-5c3c-4c35-8e71-d27f692b04a3.wav,0.039358996,0.0035157434,5.356909,0.6762894063264143
84520dc3-be21-41a2-ab17-8e67261b2e0e.wav,0.03790399,0.0036239356,5.7000203,0.5360405964677762
0eafea64-b654-4d5e-8468-9ee8c12c8902.wav,0.040425975,0.003641636,6.287859,0.6487737516037883
f57b641c-4a32-4524-b5a3-a2e8c2185220.wav,0.04165425,0.0035838715,7.215601,0.6238973483493235
ec9766c9-f1b4-449b-9648-7fe7cb1b56d4.wav,0.025221543,0.002144475,8.149551,0.5928839681604648
048107e3-dc9e-4ecb-844c-94de85d976ff.wav,0.03892504,0.0033613981,9.490022,0.6686001983143044
b6bb7af1-bfa5-47dc-90c6-3f30af988b74.wav,0.038682725,0.003326043,7.221333,0.6488743878252141
d713a1b8-b7e5-46c0-935b-2572e9ccff9e.wav,0.039581623,0.003459165,9.8515,0.6561132636484213
5642ffaf-d5f5-470d-a5fa-420bfeafb951.wav,0.042925853,0.0038919423,6.0402174,0.698930385668736
73b0850f-2bc3-4d5a-b632-f061a23d17c8.wav,0.038041513,0.003175547,8.309974,0.7309427049168677
f79604bc-8504-4add-b982-22832a36aab2.wav,0.03796467,0.0032829538,6.550955,0.6538756511693766
084eb667-8f0c-4764-a40f-378b261fcfcc.wav,0.03761192,0.003161738,11.098124,0.7240744881816471
402caa0a-479b-4bc4-ac0b-216777ae3bee.wav,0.032929268,0.0030285171,8.295733,0.6655830705254882
28da5240-a484-47b9-88cd-9c52cd526dc4.wav,0.038406547,0.0034795585,5.3608503,0.7070911096726178
81827e62-9599-4b47-8b1d-092e58677b34.wav,0.039096817,0.0032525007,7.2061954,0.656806011433844
6e00319e-6fde-4aa2-a9aa-3830cfe1e46c.wav,0.040368285,0.0036089635,7.3934536,0.673854135144382
a3808089-da5e-4d8e-952d-38b70179432e.wav,0.036752027,0.0031194955,5.9182663,0.7241905641377423
053bedb9-51b2-4e02-bdd2-b9a172a153f4.wav,0.030125463,0.0025280125,10.0541725,0.810088278431581
02db3cc5-5555-453b-9a5c-9e8ff456b79e.wav,0.038319543,0.003407858,6.7384057,0.7328274504179374
8616d205-3cca-4a42-8af0-0637e21e3ec1.wav,0.036692955,0.0032869512,7.3647704,0.6986557017758694
c5099354-340c-4a31-8abe-9d89bc655fb5.wav,0.03852029,0.0031886073,6.173709,0.6447727933341286
c896263d-d0cd-4017-985d-a9acd494ad7c.wav,0.037523817,0.0031176724,9.152181,0.7725732128125974
0fc2ac24-d3de-4e44-9b46-cc2b1e4ff69a.wav,0.039168965,0.0033906423,5.6919665,0.5977922087386522
9d3c1a18-84d6-4127-8ecd-2af9354bb62b.wav,0.04135038,0.0039524445,6.3286324,0.5599412156528241
3db40d14-a471-4252-a26e-03e0f82be70d.wav,0.023295151,0.0023000939,7.793967,0.5598958926033317
a4a62d7d-224a-4bb2-921f-caa75b1d871b.wav,0.032076824,0.0027006362,6.262511,0.7795644364910522
6fbdf7d9-77ad-49d2-a535-fe4e32ec8d92.wav,0.040955577,0.0035758517,6.5084925,0.6703133932721848
c43c6c56-7277-49a7-a643-82cb3158b6aa.wav,0.039164703,0.0037497377,5.359883,0.7758195752584726
4e54335e-a8df-44cb-a558-8d34e6c1ccfc.wav,0.0383599,0.0033976007,6.3908668,0.6732375679196014
529dd09e-7521-490c-9e06-689a22459a71.wav,0.036952,0.003146719,7.8702755,0.7664256304334421
7e6cd68a-b17e-4028-a77d-9f88fd0e19d3.wav,0.042388152,0.0038080788,6.8211336,0.7504989752120755
fa1e2079-62d4-4816-915c-a999d48b66d0.wav,0.038812682,0.0034679535,7.375228,0.696790974314914
7929b7cc-c1a9-4da2-9417-91ec66db2c22.wav,0.043069698,0.003973419,5.2156444,0.5906131625527175
68963bee-0202-49ca-bd64-7d3671ca6b7d.wav,0.03782691,0.003411032,10.599977,0.729561062808976
bb7bec6b-d718-4c05-a972-c534ca2282d6.wav,0.032456513,0.002964991,21.666777,1.051898233140222
5ee3a5e0-a1d8-476b-868d-2522e72308df.wav,0.03972921,0.0035849325,6.562394,0.7207339267374809
1e23effc-9d15-4439-801e-e474b3d75332.wav,0.037144564,0.0032412796,5.844382,0.6687186967041041
3bcd1ad4-7ebf-45ba-a82f-608757205e67.wav,0.03585353,0.0030097265,6.618832,0.7130402849485471
839bd8d6-08fd-4fb5-a66e-2d8bbb9f7352.wav,0.036106013,0.0033480295,9.622639,0.7130463901737873
f036994d-97c1-451d-bcd0-9538a3de9d30.wav,0.036206063,0.0031807423,9.870696,0.7885378702942217
e1f52c9a-fb61-4bb6-aa0b-99ff7e10398b.wav,0.037768185,0.003286808,8.191159,0.6884058699009952
7c288d3f-5008-4754-9384-8e4022744de0.wav,0.036599647,0.0032194727,6.164476,0.6309915792987857
5829c855-69ac-464a-bbf2-099281088181.wav,0.035437927,0.002750809,13.026811,0.9208859202413682
e64381a9-2b4c-4eef-8fdb-106c229df681.wav,0.044237126,0.004241265,8.171383,0.6339395694607418
3d005e7a-c644-4f39-9ace-64b78fb2cd8c.wav,0.039244547,0.003528725,8.022372,0.7383695668446906
117aaa0e-7878-4df8-82ab-c5183985a9d9.wav,0.04310727,0.0037956575,5.640785,0.5317957195791867
7166c926-a0f1-4839-8ba2-35bd6e403265.wav,0.029435653,0.0023026487,7.757032,0.617362378646606
12ece01e-1203-4141-a5a2-7d5e50f4979d.wav,0.025995169,0.0021461535,23.583319,1.0969204558062187
1345382c-2eb7-48cb-a40c-0ca1ef05a41d.wav,0.03592163,0.0030834367,5.056614,0.6896005341574071
6d5f5c6c-048d-4e26-8060-44f1c221d4f3.wav,0.040176656,0.0034710183,5.3581996,0.5467560894027066
43541007-f9ab-4dfd-9013-73aa956e5b55.wav,0.038934354,0.0034327102,6.618769,0.7249021162894714
f91fa7d7-386a-46f1-bc1c-95e6b28e1084.wav,0.035668366,0.0033552153,4.9998574,0.8192880785185473
e66a0db8-076c-45e1-8b4f-fdc2ee829bc3.wav,0.038990833,0.00350218,9.169372,0.7348975960354025
34fc34b8-4fe0-4fe2-b0b9-b8ee01d5e69f.wav,0.036530055,0.0031546014,7.4455175,0.9438820859975305
908187de-3f1a-4fef-9dd4-db19a460ed4f.wav,0.0398401,0.0035456042,4.989406,0.6222015460306101
f697f3f9-967c-495d-aa7e-2c5b17dcd69f.wav,0.039251488,0.0035197986,6.5676723,0.6709151757100241
0b8d1f44-dc1c-464c-bc5f-f12eed16aca2.wav,0.03380818,0.0029369302,5.534989,0.6701772834146968
4d07b2ba-be27-41f4-95b3-dd66090c6950.wav,0.038634427,0.003246843,7.327461,0.6926211234673809
074af167-9afe-4904-b83a-3cb64242476d.wav,0.04104525,0.003810523,7.2438507,0.6880571020205998
6fac1369-a656-4b12-b32d-161a43985df7.wav,0.03563404,0.0031951948,4.696203,0.7271271640609818
7da42301-e04f-4b43-885d-1fbd911d19de.wav,0.03957303,0.0035694535,6.406925,0.6770421728005347
82fe6721-3c5b-4711-aafd-96f8bb6b1eb1.wav,0.039900664,0.0037153764,6.493111,0.6893094154792558
45cb97c7-14b6-4208-9d89-e225e4e451aa.wav,0.04911546,0.005308538,8.123429,0.7863607007854638
d76ef6a8-9e4f-4937-b0ac-fc29f03a1b92.wav,0.037976064,0.0032826555,7.3867903,0.7564452283661097
dbf3f6f6-724b-40b6-8f70-1be7c4d160c3.wav,0.038373258,0.003381778,4.2282586,0.6861245964436756
416c2be2-f7db-4956-9be0-4bd09360bfe9.wav,0.03843077,0.0032075462,9.406626,0.6470362264908499
05124ff9-a7d7-47fa-835f-0b606dab93b1.wav,0.037534602,0.0034031305,9.499663,0.7837798069375124
da6b4421-3a2d-40b7-b3e5-a717c9dafe66.wav,0.037137445,0.0028112521,9.093312,0.7024882872503428
a21ef444-ee0c-4c84-a0fa-458e78bae0e9.wav,0.039121922,0.0038186354,9.915547,0.8647538939648933
0b8b3568-7b1b-43e2-878d-9e8d33d6583e.wav,0.04026384,0.0036138522,5.902446,0.6395151906354849
f45a009c-a4dc-4f33-b41e-5bb9e8425cbc.wav,0.031954028,0.002736716,5.4897084,0.6730508907610037
d1367294-4fcf-46e6-bf9e-39ce45c6fa2f.wav,0.042821314,0.0039323014,7.2133346,0.7114012670600668
9d5e904d-b116-42d4-8310-06cb5cc13e29.wav,0.038972743,0.003447268,8.620376,0.7535677101430117
3feee9b0-6af6-4c11-b1c4-b3533874186c.wav,0.043037195,0.0037796742,13.574298,0.6095781956891546
1fadb431-c010-41c0-bb6e-cbc46c18e5e1.wav,0.02481018,0.0022076701,12.088882,0.6858622586998706
94497214-e7b9-4df3-acf6-8ca3a4b60bd6.wav,0.039488852,0.0035274357,5.635855,0.7073164707832231
ad01113a-4ee5-4c55-8dc2-180dbe080e87.wav,0.038194876,0.0035557754,9.46638,0.7441091207698572
b6e7abe7-1646-4e69-81b7-7563c8d03b29.wav,0.039255176,0.0034315845,5.6534247,0.7165587754068037
919f8385-c8df-44ce-88b6-c2e02eebbbed.wav,0.036531474,0.0031022774,6.10877,0.6371332710423754
ad587579-c26c-4a7a-abe9-514ac09b0259.wav,0.037779048,0.0033742639,5.356173,0.648786476626254
69c21e8d-d86b-49fb-97cf-c9a3a893415c.wav,0.037478834,0.0031815036,6.598449,0.6407810921101732
5660ce04-3179-45ba-8254-8ad88b392d10.wav,0.03840123,0.0032624945,5.7527065,0.6090486268834123
7da68748-df93-4342-af5e-91aec15d937d.wav,0.03985871,0.0035439597,8.267448,0.7806412651115592
c71f9195-6bbd-4714-873b-fccc7570a870.wav,0.041294053,0.0034779815,8.868445,0.7263123560724816
2b558e66-a466-4c4c-9f5c-24e8ea8bf5f9.wav,0.03777973,0.0032572385,9.325509,0.7180896739471072
c3d937a8-e75e-44a0-8f2e-5fc7b1f63e3e.wav,0.02981342,0.0024829167,5.773881,0.6619487775977698
ec8c9cb5-61af-4102-8f33-8ad0d21428be.wav,0.037784282,0.003343412,6.212675,0.7004033387544035
9ea3d9c3-b5a5-410b-9b3b-4c436b0b5153.wav,0.03535521,0.0032964668,10.86513,0.6503039715735323
4492dd4d-550d-4bc5-ba13-036d667debb3.wav,0.039929517,0.0036058058,11.563942,0.7165365795123401
4bd461b0-67ff-4ae4-8906-801121a49ffb.wav,0.03801263,0.0030750392,8.315681,0.6192449411958483
c6743261-ef04-4cc3-a361-bdc102acc6da.wav,0.034604426,0.0028924139,9.483496,0.7374207751039437
b6118f00-4731-4fba-97fd-a0d574a3db9d.wav,0.040435333,0.0037258486,7.505057,0.726555114271443
4588dd53-945b-468e-b38c-4dd7064ad008.wav,0.037481453,0.003378473,6.5090775,0.7120743544961513
3bcdb201-7eb9-4582-825f-a33c0f577569.wav,0.040578377,0.0036124955,6.7982626,0.6104377363084705
b7305b39-62d3-4d5a-8748-4db35e430480.wav,0.04061046,0.0035004516,7.639179,0.6985007062797306
88fd815c-f332-4243-83aa-5b2d2d02bbb4.wav,0.038104806,0.0034313079,6.006174,0.7631952084748427
49de950c-03c0-47d0-8f09-424a2ca0574a.wav,0.042140763,0.0036785784,10.478189,0.696124363759372
9072ba7a-1167-4da7-8b71-cea8a0008de2.wav,0.03794758,0.0037189778,5.2321863,0.6218750923300662
ffdb357b-62f7-4a8b-92e8-917e602e9207.wav,0.03978235,0.003625236,6.7586045,0.6914166650493682
290026ea-0a7b-482b-8902-1e81eaa20303.wav,0.040539607,0.0038043708,5.495547,0.7055137687984382
3a7d55ea-ca5d-46c8-b3d8-bf7735c4b7e3.wav,0.038005557,0.0033887376,7.524379,0.6579479864286445
7911285d-7271-430e-b3ff-d54f88e569b6.wav,0.032458175,0.0026252114,14.259833,0.9114895289785203
a1d831e6-1a01-445d-ae25-246c9f64170f.wav,0.038534667,0.0032348263,8.379352,0.6810989784989906
cc33a917-d327-4107-ae45-3e005f6af52d.wav,0.03581645,0.002979019,13.715005,0.9257591181766858
1e8aac29-d1b7-41bf-b8c4-e15e8e6a6a0a.wav,0.04264806,0.0037214265,7.902133,0.7152983615855044
14e02fc5-e98c-4661-9a0e-5d7ad0c54cdc.wav,0.038224444,0.003364405,5.045952,0.6470464239935376
7e7a96a4-88fa-430f-be57-7346db8a6249.wav,0.03589775,0.0034529583,5.315476,0.7155118713235901
43981987-5bbf-4ca6-9417-e5a10a9a5d80.wav,0.039063115,0.0033022063,6.1830244,0.7033486087509052
e24b913f-a7b9-42cc-91bf-9e0294bb5d28.wav,0.037015248,0.0035786154,9.128908,0.6788733182581616
14ee3ecc-09c0-4595-b95d-2b38db6b5235.wav,0.037788007,0.0034337435,5.781334,0.7510416849180067
1e8c589b-395c-4521-a6eb-2eef12f174ac.wav,0.03736659,0.0033180015,6.9371557,0.7119558552473542
a095817c-b012-4f50-8a65-6102de117452.wav,0.038494453,0.003185574,10.913326,0.7447805699122636
b787ddb4-c0ff-4cf5-a6c6-d7e483b97dd1.wav,0.04369095,0.0043341964,6.2166605,0.6777972722452419
f49f4ad1-84b7-450e-9706-d0499cb8aa00.wav,0.037176576,0.003316749,5.2075243,0.5475159157036614
d0c655c9-3625-4945-bb0f-a16f2f573c4f.wav,0.038633633,0.0034758865,5.443352,0.6419769647453115
b2ca83b8-1833-428a-86ad-da67671eb5ae.wav,0.042378478,0.0036360596,13.630006,0.7443490116990858
dd704ed3-81dd-4a44-b1e0-e9042d8dcd23.wav,0.041394927,0.003786002,12.658421,0.5765113130007515
17e56e54-b7e8-436d-80ed-9bcbfe9e22a6.wav,0.050297607,0.0050388426,10.311804,0.490279698365972
53b79ce7-bf22-4b46-94dc-710133a5cbf4.wav,0.034509793,0.0029210486,7.3377547,0.7682584950038412
e444a30e-ee44-40bc-bd35-951805ed4c52.wav,0.034563825,0.0029839673,7.9332957,0.8242790693083542
52f9ee4f-59b7-4076-b601-699e11cc57c4.wav,0.038397733,0.003244105,6.6231823,0.7145147435946883
6cfa68cc-2aa0-4e54-90d0-8cc289db0701.wav,0.0422379,0.0035841754,8.203443,0.5655634530938869
e4cd821e-1c0d-4578-9077-168e9eca71e3.wav,0.044201735,0.0043201875,11.193527,0.6256178105302467
8f9377c0-6bc6-44cd-895a-da5535aaef08.wav,0.035169084,0.0030845378,5.818171,0.803036054817089
553fad08-0a19-40f8-aa8d-c85f1a9bfa9a.wav,0.040251527,0.00346886,7.106891,0.6334907315641982
ba49018e-8a93-4027-84a7-c77731335bd4.wav,0.038568743,0.0032514255,7.587712,0.6449112710897104
771d4fd1-ad72-4e5f-93c3-8bd5bfbfefff.wav,0.040184364,0.0035358742,6.0589523,0.6385174866951157
e4fc0e2a-ba06-481f-9ce5-a08f347484e5.wav,0.045280993,0.003965647,8.183322,0.6797357193455623
0a9174ed-9bca-4bd5-a210-062ec0139308.wav,0.03731187,0.0033324307,7.073807,0.751299345939208
cfbe7768-53b0-4f1b-9a45-8d3cd6a034f0.wav,0.039429218,0.0032864052,6.5386863,0.6891028690511227
8505a8c2-b1f7-40c6-9744-fb39b8d064b6.wav,0.03633102,0.003006767,8.312179,0.7597084533911449
370e09da-518c-4efd-846c-cc88faa047ba.wav,0.046435088,0.00432076,9.905334,0.630745879187442
f00e6293-3c83-489c-ac14-f36a6a00b8d2.wav,0.037424255,0.0035802692,4.817797,0.6999900308732477
2919019a-5cb4-4a3f-9a85-b6f6c03005db.wav,0.04045689,0.0035085008,5.4632406,0.6257362421565691
007b4f2d-e768-4307-b8e4-ccd04c5717a8.wav,0.03871267,0.0034521169,8.0478,0.699383463629228
6d13b2c7-42ab-4851-afca-08abdb18ea98.wav,0.040194977,0.0036503242,6.6705246,0.6820897584515745
08c48b6f-9077-46e6-9397-3c10ebefca54.wav,0.041351303,0.0034652469,7.7402434,0.5043385998210299
8174cdf7-de30-484c-8f03-6bb2bb58bb6f.wav,0.03666796,0.0032933906,7.0723195,0.6630193967921919
2a2659bb-39aa-4052-8909-4b81a0a37231.wav,0.03817593,0.0030764963,5.4919486,0.6199947960076845
b03364ff-c940-439e-bf9f-0eaac7e884b6.wav,0.03694425,0.0030797627,10.212811,0.6216027814455855
2071785c-9bcc-4c5a-aedb-f6b82fb71d0f.wav,0.034474302,0.0034854051,13.901668,0.7179543558219043
816a9254-6b5f-4bd0-8e1d-752e0b090bf2.wav,0.036941703,0.0028295377,13.400555,0.9153202108869097
3644c264-9420-455f-a845-8bfff0931b93.wav,0.03904056,0.003508311,8.414626,0.662049807117041
15a52cd6-89d7-484e-bb2e-31e38890d399.wav,0.037696898,0.0033124043,9.334234,0.7859811610580842
34063035-9cb8-48f1-b291-62eb383affe4.wav,0.038152438,0.0035752354,6.547376,0.6997446534161847
a197e7af-1505-4674-ab8a-32f0299d2f84.wav,0.040047705,0.0034206293,7.908493,0.6740534376423085
bef5216a-c0d4-4597-a954-fd0703086c36.wav,0.03869123,0.0036125612,5.8111377,0.6965205748549385
713f7a91-0762-4963-9fb4-332272ae9d1d.wav,0.03875744,0.0032796357,6.2488494,0.6166576817850236
9e8814bb-7494-4f06-b5fd-bf3e375ab940.wav,0.031870063,0.0026109128,7.2683854,0.7546315301560048
a2823f1f-de4c-457a-a001-9acd3fcc9f36.wav,0.038909268,0.0034456828,5.2574825,0.6425983560357675
be4daa2d-4fdb-42c2-b5fc-ecfef8648919.wav,0.025147546,0.0022084464,7.401828,0.6130026146628693
245a58d1-9169-4d4c-8105-36211b3aad59.wav,0.03433613,0.002977941,6.990598,0.7615040069843746
e0f0e022-a123-43b4-9309-210f0fd11cf2.wav,0.034211688,0.0031070032,14.264472,0.746607313344884
f0fed816-c040-4407-9e02-d6d40c72018c.wav,0.039541896,0.003520214,6.812865,0.7601819254975953
741b7907-eef4-40ff-9371-16982b6beb86.wav,0.03677431,0.0033313963,7.5017247,0.8666318150168232
808b96ca-a6f8-468e-b0a7-10c80bdb1f77.wav,0.038506757,0.0034001681,8.095412,0.7421168824809753
67b06ceb-bbbb-45c8-b4b7-e5bdde6d2d54.wav,0.040526208,0.0033631301,8.064379,0.6022687300711621
f43b6dd5-7bd4-4331-b42f-b28cd42f95ce.wav,0.040886804,0.0036556327,7.2664976,0.695409040963137
70e7cad0-8052-4720-b8ad-3f31c42d2e20.wav,0.03811109,0.0034055377,6.244919,0.6652045846753188
24aac1ef-33ae-4687-8436-705b79f6eefe.wav,0.038261477,0.0034963768,4.969146,0.7239479757878008
04f29a4f-3cc8-4a2e-b6f7-aa466f4dbde1.wav,0.03415876,0.0030091498,7.066337,0.613770159850462
300d917a-a948-4c73-98bb-24abad96b35f.wav,0.03778186,0.0033912756,9.241423,0.5829903640647953
d18c7713-f886-43cc-91dd-eba46aa1545d.wav,0.039725758,0.0035009214,6.240803,0.648516146025334
bfa8fed4-cd80-44f8-80d6-198655baee10.wav,0.039511967,0.003562854,6.7658563,0.7008783617190733
f7490693-476b-4386-b021-044d9c937407.wav,0.039371092,0.0030958906,15.488383,0.7414558464984822
a67d8411-b105-4037-b022-d6d9c6c3bb7e.wav,0.03923798,0.0035497893,6.115892,0.6558892775744122
a1e085f5-7aff-4388-a4c7-c1558d0f2462.wav,0.038409587,0.0034662278,5.7323484,0.6894813235275227
4ce67127-2e25-4eed-abee-7f59e2e657f3.wav,0.04009869,0.0036260593,7.112217,0.6593318916713305
b04894df-1a70-423e-8a6f-232b12f6c097.wav,0.03843188,0.0036540818,7.284044,0.6828333292586098
1cc123be-17e4-4783-bb00-1caeb40db823.wav,0.039927904,0.0034465517,5.6688504,0.6326999420033276
d3c82b07-4d2f-4371-bc25-63b496939c5d.wav,0.035494845,0.0029848164,6.6239486,0.7676669168854321
0f503e76-f0d4-4734-9873-f821e88f8d26.wav,0.043646228,0.003904999,7.2450366,0.6234707747438154
552dadf4-6048-4883-8da1-c16e7398b6a7.wav,0.028864896,0.002441175,8.857959,0.7010700009451182
d86b2c9c-a658-4815-95f1-60d0410b143b.wav,0.04107873,0.0036636791,9.813853,0.673910272695299
e5cfa3af-14a9-4927-a9fe-ffc4ca298d08.wav,0.037462067,0.0035483781,5.3399363,0.6997775339275514
747fa584-df7c-4fd3-ae67-536b6401c5e8.wav,0.039368726,0.0036979015,7.245856,0.5397199840420243
7086ebc0-3f6d-4947-ab2b-0b9289a42978.wav,0.03761019,0.0031801043,5.555171,0.6233352205396906
a5058400-7a74-4ec1-b194-f4f81afe43ff.wav,0.03715604,0.0031422619,8.3712015,0.5381703944906148
1a2cfd65-15c1-422f-9215-ce810bc770c4.wav,0.038479507,0.003265446,7.5238285,0.6422022108861069
07190ec2-ed8b-4226-b01d-c96de0f80698.wav,0.03464556,0.0027299009,7.164813,0.6539632977693501
e12c176b-31e1-4522-ba9c-39b314c3cf7f.wav,0.040754173,0.0034347165,7.087356,0.6377162539920623
301fea2d-7f1a-4a16-8993-ced53b9df830.wav,0.046854023,0.004784961,7.2406,0.6943517604326481
1761c7c6-951c-4b0e-9d28-4fddf2a3ddbe.wav,0.030298507,0.0023583097,14.314953,0.8265337398079837
4f074bd3-1ae9-4780-bfc9-683fe963c577.wav,0.03747732,0.0031612385,6.3536735,0.6681581785008208
1cafe372-b391-46c0-9bc7-508dc4f61155.wav,0.039685648,0.0037095284,7.33816,0.7507618326084294
6872335a-c6f7-4224-b187-4167db5158d8.wav,0.02531134,0.002212332,11.493448,0.6836943177557515
8c88a4b7-5d7b-48f7-a3d2-cc45a8627333.wav,0.037100885,0.003101197,5.810283,0.6581389060270156
1c91dca7-ede4-442c-857b-d6c79a0f012a.wav,0.04013166,0.0035407161,6.2359977,0.6732130817632872
646aa649-59c2-4c69-bb4e-ed1207af910f.wav,0.03739783,0.0031451005,6.218485,0.6987650203543966
4a63f3b8-ff70-4f3e-8bc2-5bdda7e10366.wav,0.040186822,0.0034558834,7.860087,0.6372205624444012
054eb1eb-2697-443f-a210-1ae388dc0981.wav,0.03870658,0.0034458507,6.8015046,0.7729789550934183
5a326fc0-1af2-468d-87a9-e63da594c2a5.wav,0.046291456,0.0040671374,16.726883,0.9587234192049034
83be8593-200e-44c9-99f4-778d02748087.wav,0.03895015,0.0035320483,5.754602,0.6689134848028616
21589895-451f-4630-8fd9-82dfcbb816e4.wav,0.04351569,0.0041852263,8.492833,0.8486261937054943
3249a753-6af9-41a7-bb05-1a377b682f1d.wav,0.035526805,0.0032760608,7.778283,0.8667628427399207
42c20a35-3e11-46fd-b4bd-0a7732f5d044.wav,0.038375877,0.0032107567,5.1521482,0.6573108177525958
534c7ee0-d430-4125-bed6-8580d8732d13.wav,0.042690244,0.0035937491,9.609506,0.7102149392547195
1175c4d3-ecb7-47d6-8310-aa54e47f97a1.wav,0.04195874,0.0037616233,8.191321,0.7271690929676373
9442e3ce-e9f1-43c9-a8f8-f0ddd392c780.wav,0.039636392,0.0032199817,4.520177,0.6308141849041085
653ec2ee-5a59-4011-960a-4a85ab6d4940.wav,0.03782366,0.0031998316,9.761413,0.741094159233693
d0401405-78b4-4d73-965b-4c86ed84f1c5.wav,0.037883334,0.0033301641,7.13646,0.6944760778324507
fcce2350-5342-4469-93f3-d775d8276baf.wav,0.038651496,0.0032936176,8.1596,0.7259376500109266
67cfa80d-1423-48db-8a8a-ec9c4a013c56.wav,0.024346868,0.0019961915,10.147432,0.6589761757447573
af9d7411-ee69-4c5d-860d-145bee87a768.wav,0.03827928,0.0031429909,6.6052613,0.628516811700007
7a488e80-e647-4264-9c54-0587b9ba553a.wav,0.0355191,0.0027668737,12.696691,0.5780496143748189
b7e44038-898b-4d01-b771-3645a83eca24.wav,0.039373208,0.0034132632,4.3552456,0.5441791829080798
a427e9f9-f41b-4501-800c-dd34b17218f4.wav,0.03980862,0.00340352,8.417323,0.7596694407087783
d2103fb0-2259-47ec-ba5e-7689e50b5dc8.wav,0.038349118,0.0033100913,6.819318,0.6636776192060273
c7e5a1f3-c042-441c-99dc-446c47d68ac2.wav,0.03854597,0.0033333597,6.442661,0.6624044113664552
cbd47cc1-6e82-4dfa-8f14-871f500fe512.wav,0.03717865,0.003322179,7.16646,0.8925927334923005
cb0c5675-bb08-4182-8a63-1a29d6549f7c.wav,0.037734352,0.0031608152,6.50088,0.666571447654653
d13f6417-660f-45dd-8c5a-d7bf86b332e8.wav,0.038956154,0.0033244044,12.766217,0.7578308382978322
e6a71cd9-65e6-4e5c-b644-1afe55bd48fb.wav,0.040453218,0.0041087153,4.190371,0.666490201508648
44ad9bef-e807-43d6-8dd7-2b8373ad1b75.wav,0.038418695,0.0032122505,7.809064,0.6400708535864311
2530d71b-8688-46f0-a8fe-debe88484ba0.wav,0.033577953,0.003132428,3.5340173,0.5255089973520272
dde95372-eebd-47f6-a715-b35f27d36da4.wav,0.038313985,0.0034361929,7.6123824,0.6923048281292884
ed4a8e97-7bd1-4c0d-abcc-b0bcee2646ea.wav,0.032456674,0.0028308863,9.459688,0.6481491161739369
f978de21-0701-4d5e-9aaa-8733e1a900f1.wav,0.034302715,0.0029212262,7.140962,0.7525055200868588
d3a028ac-02c5-4aba-ad6a-9274f257562d.wav,0.03978815,0.003581408,5.5656943,0.6313499169595995
3982d032-d7f8-4a8a-8638-3447f0cad376.wav,0.037985954,0.00305998,8.779937,0.6954631900400254
d4ca04e7-f83b-4906-82db-c98d07f75fe9.wav,0.041818246,0.004106788,7.9245267,0.7109823796792781
92973d7b-17b5-48dc-8eb8-57bdd750447f.wav,0.034448516,0.0033341486,7.101369,0.7919979434756139
953e7e94-af20-41ee-8239-b4e8cb4ded5b.wav,0.03688392,0.003084053,8.555907,0.7338798729045455
e70dfbc4-155f-476a-a0b6-5e53f4fe9e6b.wav,0.039149508,0.0034620233,6.6811833,0.7191893597914041
466d1756-73c0-41ca-b81c-ca58c2f4559d.wav,0.039588112,0.0034696737,6.9316483,0.6401648095352169
f41c43b8-df6b-4524-b0ac-8f8f993d8072.wav,0.036296315,0.0031975026,5.4199615,0.7220556071868787
98ffe8a2-1ade-41e9-a815-19e95807012e.wav,0.03469727,0.0034348322,8.470003,0.9517637506520846
675ac834-b611-4014-9955-152886c6e5ef.wav,0.03713142,0.0035505095,9.853565,0.8092171941865782
6788046a-7020-4e38-9137-5a640ebd456e.wav,0.038664132,0.003304564,6.269647,0.6387976890298018
5ab02ecf-43d5-40e9-b5bf-c7bb134c80ce.wav,0.051644206,0.005714182,4.8737903,0.6329700521810945
1780aac4-ab6c-4f75-9594-013b44bc960c.wav,0.038039405,0.0037069996,5.257389,0.7666476819443147
6a4bea33-3071-40f4-a929-00599ef0e703.wav,0.038503762,0.0033632207,7.3470755,0.670529470234607
06c9311b-6f06-4f5b-8304-6c5295a1dc19.wav,0.05206852,0.0054643513,8.13791,0.8380101489043992
f5bc76b3-f244-4487-90a7-e6fdbb6bf275.wav,0.038574472,0.0034953875,6.0248604,0.7202828008517913
e450131a-2089-4bda-83c4-c77d4c872cd4.wav,0.03386625,0.0032071339,10.8942,0.7786957991109619
d72146eb-17c5-449e-821f-733705c79514.wav,0.037509013,0.0034071421,8.67703,0.7943604383831877
163bf0a3-4d39-46a7-b343-185b08fcf4ca.wav,0.038331654,0.0032755127,5.7958026,0.6136132779870862
22e592c3-9290-4845-a1f6-5bf64b75153f.wav,0.033660185,0.0030298843,5.26244,0.7862501094562974
7ee06089-4542-458f-951e-0723b4c73cd9.wav,0.0353071,0.002926215,5.2070785,0.6496739162041804
d65488ea-a4f2-4c65-98e4-0fb2d4cee3db.wav,0.041077588,0.0034152702,7.534574,0.6687090495532465
4e0ebf47-30ee-467d-9e87-88b9aa51d4ef.wav,0.03606027,0.003352395,3.8610003,0.7548917339793748
874ff473-ad48-4323-9084-3a927bddf4c8.wav,0.039032694,0.003431855,6.42883,0.6751867627274338
2c4dc7dd-861e-4e60-bc5f-a885f0396473.wav,0.033678673,0.002923926,7.7069545,0.7453340934081216
af29668b-d2c3-424d-b0ac-0241798e17a6.wav,0.040136617,0.0037463317,5.545885,0.7378360684558235
830e9c52-6821-4c72-ae66-0326fed509d1.wav,0.03989395,0.003574927,8.714011,0.7986796849673746
93b585ae-f08e-4d2f-959d-c4bf79e75617.wav,0.036410224,0.0029762487,7.696211,0.5927104607111021
62846048-2def-4b43-9392-6472f42a04ff.wav,0.032051776,0.0027714109,15.116505,0.6564376180978373
d61e6e3e-6cca-4e92-bb91-6084b08d0295.wav,0.04041462,0.003464836,7.7290025,0.5899172518274529
